{
  "itemid": "minecraft:skull",
  "displayname": "§aBezal (Monster)",
  "nbttag": "{HideFlags:254,SkullOwner:{Id:\"118fe834-28aa-3b0d-afe6-f0c52d01afe8\",Properties:{textures:[0:{Value:\"eyJ0ZXh0dXJlcyI6eyJTS0lOIjp7InVybCI6Imh0dHA6Ly90ZXh0dXJlcy5taW5lY3JhZnQubmV0L3RleHR1cmUvYjc4ZWYyZTRjZjJjNDFhMmQxNGJmZGU5Y2FmZjEwMjE5ZjViMWJmNWIzNWE0OWViNTFjNjQ2Nzg4MmNiNWYwIn19fQ\"}]}},display:{Lore:[0:\"§7They started the fire.\",1:\"\",2:\"§c❤ Health§8: §c1,000,000\"],Name:\"§aBezal (Monster)\"},ExtraAttributes:{id:\"BEZAL_MONSTER\"}}",
  "damage": 3,
  "lore": [
    "§7They started the fire.",
    "",
    "§c❤ Health§8: §c1,000,000"
  ],
  "internalname": "BEZAL_MONSTER",
  "clickcommand": "viewrecipe",
  "modver": "2.1.0-REL",
  "infoType": "WIKI_URL",
  "info": [
    "https://hypixel-skyblock.fandom.com/wiki/Bezal",
    "https://wiki.hypixel.net/Bezal"
  ],
  "crafttext": "",
  "recipes": [
    {
      "level": 80,
      "coins": 20,
      "xp": 60,
      "combat_xp": 60,
      "name": "§fBezal",
      "type": "drops",
      "panorama": "crimson_isle",
      "render": "Blaze",
      "extra": [],
      "drops": [
        {
          "id": "BLAZE_ROD:1",
          "extra": [],
          "chance": "x1-2"
        },
        {
          "id": "BEZOS:1",
          "extra": [],
          "chance": "10%"
        },
        {
          "id": "RAMPART_HELMET:1",
          "extra": [],
          "chance": "0.2%"
        },
        {
          "id": "RAMPART_CHESTPLATE:1",
          "extra": [],
          "chance": "0.2%"
        },
        {
          "id": "RAMPART_LEGGINGS:1",
          "extra": [],
          "chance": "0.2%"
        },
        {
          "id": "RAMPART_BOOTS:1",
          "extra": [],
          "chance": "0.2%"
        },
        {
          "id": "SWORD_OF_BAD_HEALTH:1",
          "chance": "0.05%"
        },
        {
          "id": "DYE_CYCLAMEN",
          "chance": "0.00001%"
        }
      ]
    }
  ]
}