{
  "itemid": "minecraft:leather_chestplate",
  "displayname": "§aBiohazard Suit",
  "nbttag": "{Unbreakable:1b,HideFlags:254,display:{Lore:[0:\"§7Health: §a+20\",1:\"§7Defense: §a+20\",2:\"§7Bonus Pest Chance: §a+2%\",3:\"\",4:\"§7§7All stats on this armor piece are\",5:\"§7multiplied by §a3x§7 at §5night§7 while in §aThe\",6:\"§aGarden§7.\",7:\"\",8:\"§7§8This item can be reforged!\",9:\"§a§lUNCOMMON CHESTPLATE\",10:\"\",11:\"§7Cost\",12:\"§fMushroom Chestplate\",13:\"§280 Pests\"],color:16755712,Name:\"§aBiohazard Suit\"},ExtraAttributes:{id:\"BIOHAZARD_SUIT\"}}",
  "damage": 0,
  "lore": [
    "§7Health: §a+20",
    "§7Defense: §a+20",
    "§7Bonus Pest Chance: §a+2%",
    "",
    "§7§7All stats on this armor piece are",
    "§7multiplied by §a3x§7 at §5night§7 while in §aThe",
    "§aGarden§7.",
    "",
    "§7§8This item can be reforged!",
    "§a§lUNCOMMON CHESTPLATE",
    "",
    "§7Cost",
    "§fMushroom Chestplate",
    "§280 Pests"
  ],
  "internalname": "BIOHAZARD_SUIT",
  "crafttext": "",
  "clickcommand": "",
  "modver": "",
  "infoType": "WIKI_URL",
  "info": [
    "https://hypixel-skyblock.fandom.com/wiki/Biohazard_Suit",
    "https://wiki.hypixel.net/Biohazard_Suit"
  ]
}