{
  "itemid": "minecraft:leather_boots",
  "displayname": "§aBiohazard Boots",
  "nbttag": "{Unbreakable:1b,HideFlags:254,display:{Lore:[0:\"§7Health: §a+20\",1:\"§7Defense: §a+5\",2:\"§7Bonus Pest Chance: §a+1%\",3:\"\",4:\"§7§7All stats on this armor piece are\",5:\"§7multiplied by §a3x§7 at §5night§7 while in §aThe\",6:\"§aGarden§7.\",7:\"\",8:\"§7§8This item can be reforged!\",9:\"§a§lUNCOMMON BOOTS\",10:\"\",11:\"§7Cost\",12:\"§fMushroom Boots\",13:\"§240 Pests\"],color:16755712,Name:\"§aBiohazard Boots\"},ExtraAttributes:{id:\"BIOHAZARD_BOOTS\"}}",
  "damage": 0,
  "lore": [
    "§7Health: §a+20",
    "§7Defense: §a+5",
    "§7Bonus Pest Chance: §a+1%",
    "",
    "§7§7All stats on this armor piece are",
    "§7multiplied by §a3x§7 at §5night§7 while in §aThe",
    "§aGarden§7.",
    "",
    "§7§8This item can be reforged!",
    "§a§lUNCOMMON BOOTS",
    "",
    "§7Cost",
    "§fMushroom Boots",
    "§240 Pests"
  ],
  "internalname": "BIOHAZARD_BOOTS",
  "crafttext": "",
  "clickcommand": "",
  "modver": "",
  "infoType": "WIKI_URL",
  "info": [
    "https://hypixel-skyblock.fandom.com/wiki/Biohazard_Boots",
    "https://wiki.hypixel.net/Biohazard_Boots"
  ]
}